{"cameraMode":{"drawMode":0,"name":"Shaded","section":"Shading Mode"},"sceneLighting":true,"audioPlay":false,"sceneViewState":{"m_AlwaysRefresh":false,"showFog":true,"showSkybox":false,"showFlares":true,"showImageEffects":true,"showParticleSystems":true,"showVisualEffectGraphs":true,"m_FxEnabled":true},"in2DMode":false,"pivot":{"x":-66.60987091064453,"y":8.415559768676758,"z":19.222187042236329},"rotation":{"x":-0.038349296897649768,"y":0.8040546774864197,"z":-0.05219084024429321,"w":-0.5910460948944092},"size":2.5586957931518556,"orthographic":false}